name,key_skills,salary_from,salary_to,salary_currency,area_name,published_at
Senior android developer,,,,,Херсон,2015-03-18T16:17:05+0300
Senior android developer,,,,,Воронеж,2015-02-24T21:50:54+0300
Программист на ios и android,,,,,Полтава,2015-02-23T16:21:45+0300
Senior android developer,,,,,Воронеж,2015-03-04T11:14:35+0300
Senior android developer,,,,,Воронеж,2015-03-04T11:48:06+0300
Senior android developer,,,,,Воронеж,2015-03-04T21:40:44+0300
Senior android developer,,,,,Воронеж,2015-03-11T21:31:39+0300
Senior android developer,,,,,Воронеж,2015-03-12T10:12:07+0300
Senior android developer,,,,,Воронеж,2015-03-12T21:38:57+0300
Senior android developer,,,,,Воронеж,2015-03-13T09:48:04+0300
Senior android developer,,,,,Воронеж,2015-03-07T09:26:06+0300
Senior android developer,,,,,Воронеж,2015-03-07T09:50:16+0300
Middle android developer,,,,,Львов,2015-07-09T10:22:46+0300
Senior android developer,,,,,Воронеж,2015-02-16T21:51:04+0300
Senior android developer,,,,,Воронеж,2015-02-17T10:56:45+0300
Senior android developer,,,,,Воронеж,2015-02-17T21:49:10+0300
Senior android developer,,,,,Воронеж,2015-02-18T11:41:21+0300
Стажер android разработчик,,,,,Алматы,2015-07-15T10:27:21+0300
Програміст android,,,,,Киев,2015-11-23T14:11:18+0300
Старший разработчик андроид/ Senior android developer,,,,,Санкт-Петербург,2015-11-08T16:08:37+0300
Программист-разработчик под android,,,,,Алматы,2015-01-05T09:56:48+0300
Senior android developer,"Java
Android
SQL
ООП",80000.0,150000.0,RUR,Омск,2015-10-02T07:51:54+0300
Senior android developer,,80000.0,150000.0,RUR,Кемерово,2015-10-02T07:51:54+0300
Junior / Middle android developer,,20000.0,60000.0,RUR,Омск,2015-09-13T15:13:45+0300
Senior android developer,,,,,Воронеж,2015-03-16T22:04:29+0300
Senior android developer,,,,,Воронеж,2015-03-17T09:59:46+0300
Senior android developer,,,,,Воронеж,2015-03-09T15:32:34+0300
Senior android developer,,,,,Воронеж,2015-03-10T10:02:20+0300
Программист/ разработчик мобильных приложений (android),,60000.0,100000.0,RUR,Москва,2015-12-04T14:46:53+0300
Senior android developer,"Android SDK
C/C++
Code Optimization
Git
SVN",,,,Нижний Новгород,2015-09-09T15:46:56+0300
Senior android developer,"Android SDK
C/C++
Code Optimization
Git
SVN",,,,Саратов,2015-09-09T15:46:56+0300
Senior android developer,"Android SDK
C/C++
Code Optimization
Git
SVN",,,,Самара,2015-09-09T15:46:56+0300
Senior android developer,"Android SDK
C/C++
Code Optimization
Git
SVN",,,,Новосибирск,2015-09-09T15:46:56+0300
Senior android developer,"Android SDK
C/C++
Code Optimization
Git
SVN",,,,Уфа,2015-09-09T15:46:56+0300
Senior android developer,"Android SDK
C/C++
Code Optimization
Git
SVN",,,,Калининград,2015-09-09T15:46:56+0300
Senior android developer,"Android SDK
C/C++
Code Optimization
Git
SVN",,,,Санкт-Петербург,2015-09-09T15:46:56+0300
Senior android developer,"Android SDK
C/C++
Code Optimization
Git
SVN",,,,Воронеж,2015-09-09T15:46:56+0300
Senior android developer,"Android SDK
C/C++
Code Optimization
Git
SVN",,,,Ульяновск,2015-09-09T15:46:56+0300
Senior android developer,"Android SDK
C/C++
Code Optimization
Git
SVN",,,,Москва,2015-09-09T15:46:56+0300
Разработчик мобильных приложений под android (junior),,15000.0,25000.0,RUR,Краснодар,2015-12-02T11:24:42+0300
Senior android developer,"Android SDK
Java",,,,Самара,2015-11-19T12:51:12+0300
Senior android developer,"Android SDK
Java",,,,Санкт-Петербург,2015-11-19T12:51:12+0300
Senior android developer,"Android SDK
Java",,,,Нижний Новгород,2015-11-19T12:51:12+0300
Senior android developer,"Android SDK
Java",,,,Саратов,2015-11-19T12:51:12+0300
Senior android developer,"Android SDK
Java",,,,Казань,2015-11-19T12:51:12+0300
Senior android developer,"Android SDK
Java",,,,Таганрог,2015-11-19T12:51:12+0300
Senior android developer,"Android SDK
Java",,,,Симферополь,2015-11-19T12:51:12+0300
Senior android developer,"Android SDK
Java",,,,Воронеж,2015-11-19T12:51:12+0300
Senior android developer,,,,,Воронеж,2015-03-05T10:35:31+0300
Senior android developer,,,,,Воронеж,2015-03-06T10:24:57+0300
Senior android developer,,,,,Воронеж,2015-03-17T22:22:59+0300
Senior android developer,,,,,Воронеж,2015-03-18T09:37:56+0300
Senior android developer,,,,,Воронеж,2015-02-24T10:05:42+0300
Senior android developer,,,,,Воронеж,2015-03-13T21:31:18+0300
Senior android developer,,,,,Воронеж,2015-03-15T16:41:27+0300
IOS / android разработчик,,150000.0,250000.0,KZT,Алматы,2015-07-23T10:47:36+0300
Ведущий android разработчик,,,,,Москва,2015-03-18T11:50:30+0300
Программист разработчик мобильных приложений (android),,80000.0,130000.0,RUR,Москва,2015-01-30T11:08:46+0300
Senior android developer,,,,,Воронеж,2015-02-16T15:13:23+0300
Senior android developer,,,,,Воронеж,2015-02-25T11:56:07+0300
Senior android developer,,,,,Воронеж,2015-02-25T21:42:46+0300
Senior android developer,,,,,Воронеж,2015-03-03T11:05:10+0300
"Разработчик мобильных приложений (developer android, iOS)",,60000.0,80000.0,RUR,Санкт-Петербург,2015-05-20T18:49:10+0300
Разработчик под андроид,,2000.0,,USD,Москва,2015-09-02T13:17:50+0300
Разработчик под андроид,,2000.0,,USD,Санкт-Петербург,2015-09-02T13:17:50+0300
Программист/разработчик мобильных приложений под android/iOS,,60000.0,,KZT,Нур-Султан,2015-04-06T07:30:06+0300
Разработчик под android,"Android
iOS
C#",,,,Калининград,2015-11-30T16:50:54+0300
Senior android developer,,,,,Воронеж,2015-03-02T12:15:41+0300
Senior android developer,,,,,Воронеж,2015-03-02T21:28:23+0300
Senior android developer,,,,,Воронеж,2015-03-10T21:41:25+0300
Senior android developer,,,,,Воронеж,2015-03-11T10:35:23+0300
"Разработчик мобильных приложений на xamarin (developer on xamarin for android, iOS )",,70000.0,110000.0,RUR,Санкт-Петербург,2015-04-29T15:35:38+0300
Senior android developer,"Java, Android SDK, Eclipse, Android Developer Tools (ADT)",500.0,,USD,Минск,2015-09-02T14:40:30+0300
Senior android developer,,,,,Воронеж,2015-03-19T21:54:25+0300
Senior android developer,,,,,Воронеж,2015-03-20T11:33:45+0300
Junior android developer,"Java
C++
Android SDK
Git",20000.0,30000.0,RUR,Омск,2015-09-01T13:33:33+0300
Программист мобильных приложений (под android) Аутсорсинг,,,,,Москва,2015-05-15T13:42:40+0300
Разработчик под android,,,,,Нижний Новгород,2015-10-12T11:20:13+0300
Разработчик под android,,,,,Казань,2015-05-21T14:58:46+0300
Разработчик под android,,,,,Санкт-Петербург,2015-05-21T14:58:46+0300
Senior android developer,,,,,Воронеж,2015-02-18T21:32:42+0300
Senior android developer,,,,,Воронеж,2015-02-19T10:53:45+0300
Разработчик мобильных приложений под android (junior),,15000.0,25000.0,RUR,Краснодар,2015-01-17T10:23:53+0300
Senior android developer,,,,,Воронеж,2015-03-20T21:47:31+0300
Senior android developer,,,,,Воронеж,2015-03-22T00:58:27+0300
Senior android developer,,,,,Воронеж,2015-03-22T14:56:17+0300
Senior android developer,,,,,Воронеж,2015-03-23T10:00:48+0300
Разработчик мобильных приложений (android),,90000.0,130000.0,RUR,Москва,2015-04-10T13:41:58+0300
Senior android developer,,,,,Одесса,2015-05-28T19:56:13+0300
Senior android developer,,,,,Воронеж,2015-02-27T21:32:56+0300
"Разработчик ios, android приложений",,100000.0,,RUR,Челябинск,2015-02-20T11:02:00+0300
Senior android developer,,,,,Воронеж,2015-02-21T12:49:04+0300
Senior android developer,,,,,Воронеж,2015-03-18T21:28:11+0300
Senior android developer,,,,,Воронеж,2015-03-19T11:03:32+0300
Разработчик приложений IOS/android,,,,,Москва,2015-12-07T12:14:25+0300
Senior android developer,,,,,Воронеж,2015-03-16T11:15:48+0300
Senior android developer,,,,,Воронеж,2015-02-26T10:41:35+0300
Senior android developer,,,,,Воронеж,2015-02-26T21:55:16+0300
Программист android,,120000.0,,RUR,Москва,2016-12-09T10:35:30+0300
Стажер android developer,,,,,Алматы,2016-07-21T10:22:12+0300
Разработчик android/ios,,1000.0,,USD,Минск,2016-11-05T12:15:43+0300
Разработчик (android),Java,20000.0,40000.0,RUR,Ростов-на-Дону,2016-12-06T10:11:54+0300
Разработчик приложений на ios и android,,150000.0,,KZT,Алматы,2016-05-09T10:53:27+0300
Test engineer (android),"Android
QA
Test case
Linux",70000.0,100000.0,RUR,Москва,2016-01-11T14:26:53+0300
Test engineer (android),"Android
Linux
QA",70000.0,100000.0,RUR,Иваново (Ивановская область),2016-01-11T14:24:54+0300
Test engineer (android),"Android
Linux
QA",70000.0,100000.0,RUR,Санкт-Петербург,2016-01-11T14:25:02+0300
Test engineer (android),"Android
Linux
QA",70000.0,100000.0,RUR,Нижний Новгород,2016-01-11T14:25:09+0300
Test engineer (android),"Android
Linux
QA",70000.0,100000.0,RUR,Казань,2016-01-11T14:25:17+0300
Test engineer (android),"Android
Linux
QA",70000.0,100000.0,RUR,Воронеж,2016-01-11T14:25:26+0300
Test engineer (android),"Android
Linux
QA",70000.0,100000.0,RUR,Симферополь,2016-01-11T14:25:37+0300
Test engineer (android),"Android
Linux
QA",70000.0,100000.0,RUR,Саратов,2016-01-11T14:25:47+0300
Test engineer (android),"Android
Linux
QA",70000.0,100000.0,RUR,Самара,2016-01-11T14:26:32+0300
Test engineer (android),"Android
Linux
QA",70000.0,100000.0,RUR,Томск,2016-01-11T14:26:41+0300
Senior android developer,,,,,Ташкент,2016-05-16T08:36:14+0300
Стажер android studio,,,,,Алматы,2016-01-19T05:36:44+0300
Middle android developer,,,,,Львов,2016-01-22T13:56:22+0300
Программист/ разработчик мобильных приложений (android),,50000.0,70000.0,RUR,Москва,2016-01-22T16:43:20+0300
Разработчик android и iOS,,200000.0,400000.0,KZT,Нур-Султан,2016-08-09T08:25:25+0300
Разработчик android и iOS,,200000.0,400000.0,KZT,Нур-Султан,2016-10-10T12:24:43+0300
Разработчик Xamarin/android,,,,,Москва,2016-07-30T17:07:29+0300
Мобильный разработчик android OS / iOS,,,,,Алматы,2016-11-23T12:58:18+0300
Стажер android-разработчик,"Git
ООП
Java",,,,Саратов,2016-10-25T11:08:59+0300
Senior android developer,"Java
Android SDK",,,,Москва,2016-09-02T15:40:09+0300
Senior android developer,,,,,Херсон,2016-03-25T14:01:41+0300
Ведущий андроид разработчик/Senior android developer,"Android SDK
Java",120000.0,,RUR,Москва,2016-01-11T14:27:02+0300
Разработчик android,,60000.0,,RUR,Нижний Новгород,2016-06-22T11:56:19+0300
Программист-разработчик android /IOS,"iOS
Android",100000.0,,RUR,Москва,2016-07-09T11:50:44+0300
Программист ios/ android/ wp,,50000.0,80000.0,RUR,Тверь,2016-08-04T20:21:09+0300
Senior android developer,"Java
Android SDK",,,,Москва,2016-07-25T11:35:21+0300
Ведущий android-разработчик,,,,,Москва,2016-03-11T12:16:51+0300
Senior android developer,,100000.0,,RUR,Брянск,2016-10-20T16:29:29+0300
Программист для андроид,,800.0,1500.0,BYR,Минск,2016-03-04T10:52:08+0300
Младший андроид разработчик (Junior Android Developer),"Java SE
Android
Android SDK
Git",,,,Тольятти,2016-10-15T15:01:08+0300
"Разработчик мобильных приложений (android, ios)",,40000.0,80000.0,RUR,Ярославль,2016-07-19T11:25:16+0300
Senior android developer,,,,,Ижевск,2016-01-18T15:53:06+0300
"Разработчик мобильных приложений (android, ios)",,40000.0,,RUR,Ярославль,2016-03-15T13:54:54+0300
"Разработчик мобильных приложений (android, ios)",,,,,Минск,2016-01-20T15:22:16+0300
Разработчик мобильных игр для ios/android,,,120000.0,RUR,Санкт-Петербург,2016-09-13T02:46:59+0300
Senior android developer,"Android
Java",120000.0,,RUR,Москва,2016-10-19T10:45:58+0300
Senior android developer c переездом в г. Москва,"Java
Android SDK",120000.0,,RUR,Самара,2016-07-25T11:35:21+0300
Senior android developer c переездом в г. Москва,"Java
Android SDK",120000.0,,RUR,Нижний Новгород,2016-07-25T11:35:21+0300
Senior android developer c переездом в г. Москва,"Java
Android SDK",120000.0,,RUR,Томск,2016-07-25T11:35:21+0300
Senior android developer c переездом в г. Москва,"Java
Android SDK",,,,Новосибирск,2016-07-25T11:35:21+0300
Senior android developer c переездом в г. Москва,"Java
Android SDK",,,,Казань,2016-07-25T11:35:21+0300
Senior android developer с переездом в г. Москва,"Java
Android SDK",,,,Санкт-Петербург,2016-07-25T11:35:21+0300
Senior android developer с переездом в г. Москва,"Java
Android SDK",,,,Саратов,2016-07-25T11:35:21+0300
Senior android developer с переездом г. Москва,"Java
Android SDK",,,,Воронеж,2016-07-25T11:35:21+0300
Senior android developer с переездом в г. Москва,"Java
Android SDK",,,,Таганрог,2016-07-25T11:35:21+0300
Разработчик android,,,,,Казань,2016-08-08T10:41:45+0300
Ios android разработчик,"iOS
Android
Java
Objective-C",200000.0,,KZT,Алматы,2016-11-02T11:20:13+0300
Программист/ разработчик мобильных приложений (android),,40000.0,100000.0,RUR,Москва,2016-10-03T12:13:20+0300
"Программист java, C, C++, android",,1000.0,2500.0,BYR,Минск,2016-06-23T07:38:09+0300
Ведущий android разработчик,,40000.0,120000.0,RUR,Санкт-Петербург,2016-09-13T13:30:59+0300
Middle android разработчик,,80000.0,,RUR,Екатеринбург,2016-09-19T09:07:56+0300
Разработчик приложения под android,,,,,Москва,2016-12-14T10:19:13+0300
"Программист, разработчик мобильных приложений ios / android",,80000.0,100000.0,RUR,Москва,2016-03-29T14:02:58+0300
"Тестировщик web, android, iOS проектов",,,,,Киев,2016-03-17T17:37:36+0300
Программист/ разработчик мобильных приложений (android),,60000.0,120000.0,RUR,Москва,2016-06-02T16:49:55+0300
Ведущий android разработчик,,,,,Казань,2016-08-12T12:47:52+0300
"Разработчик мобильных приложений (ios, android)",,,,,Москва,2016-07-11T14:33:42+0300
Xamarin(ios/android) разработчик,,90000.0,,RUR,Тула,2016-11-15T18:38:07+0300
Руководитель отдела обучения исполнителей (android +ios),,90000.0,120000.0,RUR,Москва,2016-02-05T16:15:53+0300
Senior android developer,,,,,Воронеж,2016-10-12T17:36:26+0300
Junior android разработчик,,40000.0,,RUR,Санкт-Петербург,2016-09-30T13:26:51+0300
"Креативный разработчик мобильных приложений (ios, android)",,,,,Москва,2016-03-28T12:22:19+0300
"Программист, разработчик мобильных приложений ios / android",,80000.0,100000.0,RUR,Москва,2016-02-03T13:49:54+0300
Ведущий android-разработчик,,130000.0,180000.0,RUR,Москва,2016-03-04T17:12:02+0300
"Разработчик мобильных приложений (android, ios)",,40000.0,,RUR,Ярославль,2016-05-05T10:37:07+0300
Ведущий java android разработчик,,,,,Москва,2016-01-22T12:16:57+0300
Middle android разработчик,,,,,Москва,2016-12-09T09:44:03+0300
Android developer / разработчик android,"Android
Java
RxJava
Android AP
Eclipse
SQLite
XML
API
JSON API
SOAP
REST",,,,Омск,2016-07-01T12:22:17+0300
Senior android developer,,,,,Ростов-на-Дону,2016-09-28T10:49:40+0300
Senior android developer,,,,,Санкт-Петербург,2016-09-28T10:49:40+0300
Ведущий android разработчик (teamlead),,100000.0,150000.0,RUR,Томск,2016-12-29T07:20:36+0300
Разработчик android,,60000.0,,RUR,Нижний Новгород,2016-01-11T10:43:03+0300
Android - разработчик мобильных приложений (android mobile app developer),,1500.0,2000.0,BYR,Минск,2017-07-04T17:03:43+0300
Ведущий разработчик android,"Android
Java
Git
ООП
SQLite
JSON API
JavaScript
PHP
PostgreSQL",50000.0,120000.0,RUR,Воронеж,2017-03-16T21:39:49+0300
Middle android разработчик,,,,,Киев,2017-08-10T13:00:42+0300
Стажер android-разработчик,"Git
ООП
Java",,,,Саратов,2017-06-13T11:08:29+0300
Middle/Senior android developer,,,,,Москва,2017-06-04T18:51:36+0300
Senior android developer,,,200000.0,RUR,Москва,2017-04-08T12:01:57+0300
Разработчик ios/android,,70000.0,,RUR,Москва,2017-07-29T17:09:10+0300
Junior android-разработчик,"ООП
Java
Android",20000.0,40000.0,RUR,Новосибирск,2017-09-13T09:06:00+0300
Developer (android),,,,,Москва,2017-10-21T16:23:11+0300
Разработчик android-приложений,"Android SDK
Android
Git",40000.0,90000.0,RUR,Калининград,2017-07-27T20:05:33+0300
Преподаватель-эксперт курсов по подготовке android-разработчиков,"Scrum
Agile Project Management
Аndroid SDK Java/Kotlin
JSON API
HTML
SOAP
REST
Unit Testing",,,,Москва,2017-09-22T15:32:21+0300
Middle android разработчик,,,,,Киев,2017-07-10T16:20:38+0300
Senior android-developer(architect),,100000.0,160000.0,RUR,Москва,2017-04-15T10:55:35+0300
Senior android developer,,3500.0,4500.0,USD,Москва,2017-07-11T14:44:13+0300
Разработчик под android и ios,"Android
iOS",15000.0,25000.0,RUR,Чебоксары,2017-08-18T13:25:20+0300
"Программист С++, android",,,,,Минск,2017-02-06T09:19:17+0300
Дизайнер UI/UX (IOS/android),,,,,Москва,2017-08-21T10:14:35+0300
Middle android разработчик,,80000.0,120000.0,RUR,Екатеринбург,2017-06-13T13:10:30+0300
Преподаватель курсов по подготовке android-разработчиков,"Scrum
Agile Project Management
Аndroid SDK Java/Kotlin
JSON API
HTML
SOAP
REST
Unit Testing",,,,Москва,2017-10-23T11:34:04+0300
Senior android-developer(architect),,100000.0,180000.0,RUR,Москва,2017-06-23T13:06:24+0300
Senior android developer,"Android
Java",300000.0,,KZT,Алматы,2017-11-21T07:30:40+0300
Дизайнер UI/UX (IOS/android),,90000.0,120000.0,RUR,Москва,2017-01-30T17:29:03+0300
Senior android developer,,,,,Ташкент,2017-11-21T11:43:33+0300
Senior iOS/android developer,"Java
Android
iOS",4000.0,,USD,Киев,2017-12-22T14:19:10+0300
Ведущий android-разработчик,,120000.0,,RUR,Ульяновск,2017-01-17T14:28:55+0300
Java-программист (android-разработчик),"Java
Android
REST
Git",50000.0,,RUR,Москва,2017-04-18T12:12:42+0300
Разработчик под android и ios,"Android
iOS",15000.0,25000.0,RUR,Чебоксары,2017-10-06T11:56:00+0300
Developer (android),,,,,Москва,2017-01-31T15:37:14+0300
Программист (android),"Информационные технологии
Разработка ПО",,,,Новосибирск,2017-08-13T13:33:37+0300
Middle/senior android разработчик,,80000.0,120000.0,RUR,Екатеринбург,2017-05-10T09:06:12+0300
Senior android developer,,200000.0,,RUR,Екатеринбург,2017-06-26T09:03:12+0300
Senior android developer,,200000.0,,RUR,Челябинск,2017-06-26T09:03:12+0300
Senior android developer,,200000.0,,RUR,Самара,2017-06-26T09:03:12+0300
IOS/android Хamarin разработчик,,130000.0,,RUR,Санкт-Петербург,2017-07-07T13:43:52+0300
Senior/Teamlead android developer,,150000.0,,RUR,Москва,2017-03-15T06:27:27+0300
Senior/Teamlead android developer,,,,,Тверь,2017-03-15T06:29:28+0300
Программист ios + android,"iOS
Android",,,,Хабаровск,2017-08-01T08:53:51+0300
Программист (android- разработчик),,40000.0,,RUR,Барнаул,2017-11-07T09:59:44+0300
Senior android-разработчик,"Android SDK
Android
Git
Java
RxJava
RxAndroid",200000.0,250000.0,RUR,Нижний Новгород,2017-11-10T11:48:45+0300
Разработчик мобильных приложений (android),,,,,Пермь,2017-04-17T07:28:51+0300
Senior android developer,,3000.0,4000.0,USD,Москва,2017-07-18T14:07:24+0300
"Программист android, php",,30000.0,30000.0,RUR,Новая Усмань,2017-05-22T09:44:30+0300
Тестировщик / QA инженер (android team),"QA
Тестирование
Тестирование пользовательского интерфейса
Функциональное тестирование
Регресcионное тестирование
Test case",,,,Санкт-Петербург,2017-04-21T14:20:39+0300
Андроид разработчик/ android,,,,,Москва,2017-09-29T10:23:07+0300
Дизайнер UI/UX (IOS/android),,90000.0,120000.0,RUR,Москва,2017-07-04T14:44:27+0300
Senior android-разработчик,"Android SDK
Android
Git
Java
RxJava
RxAndroid",200000.0,250000.0,RUR,Москва,2018-07-13T19:41:46+0300
"React Native Developer (iOS, android)","iOS
Android
React Native
JavaScript
CSS
HTML
HTML5
XML
Xsd
Node.js
Redux",,,,Самара,2018-08-17T10:56:31+0300
Junior android developer,,,,,Москва,2018-03-12T12:34:47+0300
Junior android разработчик,,35000.0,,RUR,Новосибирск,2018-06-01T13:58:25+0300
Junior android разработчик,"Java
REST API
Kotlin
JSON API
Rx",90000.0,120000.0,RUR,Москва,2018-10-20T10:34:04+0300
Senior android Developer,"Android
Java",,,,Санкт-Петербург,2018-05-29T13:25:42+0300
Senior android developer,,,,,Ташкент,2018-01-21T08:05:57+0300
Junior android-разработчик,"Android
Java",15000.0,25000.0,RUR,Барнаул,2018-08-26T11:10:43+0300
Junior android-разработчик,"Android
Java",15000.0,25000.0,RUR,Бийск,2018-08-26T11:10:43+0300
Junior android-разработчик,"Android
Java",15000.0,25000.0,RUR,Горно-Алтайск,2018-08-26T11:10:43+0300
Разработчик android,,60000.0,,RUR,Тверь,2018-09-25T10:01:01+0300
Senior/Lead android SDK developer,"Android
CI/CD
Gradle
TDD
Cordova",150000.0,,RUR,Санкт-Петербург,2018-10-20T15:46:43+0300
Senior Android developer (со знанием android TV и стриминговых приложений),"Android SDK
Java
Android
leanback library
exoplayer
android TV
cтриминговые приложения",,,,Москва,2018-05-11T18:15:48+0300
Разработчик Middle android developer,"Android
Android SDK",100000.0,,RUR,Краснодар,2018-08-01T19:06:11+0300
Разработчик Senior android developer,"Android
Android SDK",200000.0,,RUR,Краснодар,2018-08-01T19:08:23+0300
Senior android-разработчик,"Android SDK
Android
Git
Java
RxJava
RxAndroid",200000.0,250000.0,RUR,Нижний Новгород,2018-07-13T19:41:17+0300
Senior android-разработчик,"Android SDK
Android
Git
Java
RxJava
RxAndroid",200000.0,250000.0,RUR,Нижний Новгород,2018-04-10T09:15:37+0300
Старший разработчик android приложений,,50000.0,60000.0,RUR,Барнаул,2018-04-13T12:27:59+0300
"Программист-разработчик (ios, android)","Java
MS SQL
JavaScript
PHP
Разработка ПО
SQL",40000.0,,RUR,Красноярск,2018-12-20T08:22:47+0300
Senior/Lead android SDK developer,"Android
CI/CD
Gradle
TDD
Cordova",150000.0,,RUR,Санкт-Петербург,2018-07-25T09:15:36+0300
Senior android-разработчик,"Android SDK
Android
Git
Java
RxJava
RxAndroid",200000.0,250000.0,RUR,Москва,2018-04-15T00:18:47+0300
"QA инженер / специалист по ручному тестированию (iOS, android app)","Функциональное тестирование
Регресcионное тестирование
Тестирование
Java
Python
iOS
Android
API",,,,Москва,2018-09-17T18:57:06+0300
Разработчик Android/android developer/Java программист ( удаленно),,,,,Москва,2018-05-24T18:26:00+0300
Разработчик android,,50000.0,,RUR,Тверь,2018-05-14T12:37:03+0300
Senior android developer,,,,,Самара,2018-04-02T11:43:05+0300
Программист-разработчик (android),,,,,Ростов-на-Дону,2018-08-16T09:43:58+0300
"Java-разработчик, iOS, android, CV (Стажер)",,,,,Нур-Султан,2018-05-16T08:25:48+0300
Junior android developer,,200.0,600.0,BYR,Гомель,2018-07-26T12:34:01+0300
Middle android-developer,,80000.0,140000.0,RUR,Москва,2018-05-03T13:01:03+0300
Senior/Lead android developer,"Android
CI/CD
Gradle
TDD
Cordova",150000.0,,RUR,Санкт-Петербург,2018-06-17T14:27:50+0300
IOS/android разработчик,,450000.0,600000.0,KZT,Алматы,2018-11-10T19:26:54+0300
Junior android developer,,,,,Москва,2018-02-02T11:54:40+0300
Разработчик Android/android developer/Java программист,,,,,Москва,2018-06-26T15:26:53+0300
Junior android developer,,200.0,600.0,BYR,Гомель,2018-08-21T10:40:44+0300
"Тестировщик андроид-приложений, веб-приложений (Rest, AngularJS)",,,,,Киев,2018-09-05T16:07:49+0300
Android developer / android разработчик,"Java
REST
RxJava
MVVM
MVP
Clean Architecture
Android SDK
Android
Kotlin",100000.0,,RUR,Ульяновск,2018-11-16T12:57:37+0300
"Mobile QA engineer/ Инженер-тестировщик мобильных приложений (iOS, android)","Ручное функциональное тестирование
Регресcионное тестирование
сценарии тестирования
JIRA
Тестирование
QA
Мобильное тестирование
iOS
Android",70000.0,110000.0,RUR,Москва,2018-02-12T17:12:27+0300
Java developer (android),,,,,Нижний Новгород,2018-03-16T09:22:30+0300
"Mobile QA engineer/ Инженер-тестировщик мобильных приложений (iOS, android)","Ручное функциональное тестирование
Регресcионное тестирование
сценарии тестирования
JIRA
Тестирование
QA
Мобильное тестирование
iOS
Android",70000.0,110000.0,RUR,Москва,2018-04-09T12:02:16+0300
Android developer / android разработчик,"Java
REST
RxJava
MVVM
MVP
Clean Architecture
kotlin
Android SDK
Android",90000.0,,RUR,Саратов,2018-12-13T10:47:19+0300
Java-разработчик (linux/android),"Java
Qt
Git
Linux
Android SDK
Android",,,,Тверь,2018-01-21T14:43:43+0300
Программист /разработчик на android,"Android
Linux
Git",70000.0,80000.0,RUR,Иркутск,2018-11-26T18:51:38+0300
Middle android-developer,,80000.0,140000.0,RUR,Москва,2018-06-15T12:19:35+0300
Code reviewer android specialist,,,,,Саратов,2018-12-13T17:33:17+0300
"QA инженер / специалист по ручному тестированию (iOS, android app)","Функциональное тестирование
Регресcионное тестирование
Тестирование
Java
Python
iOS
Android
API",110000.0,,RUR,Москва,2018-08-06T10:59:15+0300
Junior C/C++ Engineer for android,,,,,Киев,2018-04-04T11:30:42+0300
Middle android developer,,100000.0,,RUR,Краснодар,2018-07-10T09:17:41+0300
Middle/senior android developer,,,,,Москва,2018-03-01T20:03:44+0300
Mid / senior android developer,,100000.0,200000.0,RUR,Москва,2018-04-20T13:05:44+0300
Разработчик android,,50000.0,,RUR,Тверь,2018-06-14T10:24:05+0300
"Дизайнер web, ios, android","Design
Graphic Design
UI
UX
Adobe Photoshop
Adobe Illustrator
Web-дизайн
Веб-дизайн
Дизайн интерфейсов
Графический дизайн
Дизайн",35000.0,80000.0,RUR,Омск,2018-02-15T13:16:27+0300
Senior android developer (self-driving car),,4000.0,,RUR,Москва,2018-11-16T13:56:10+0300
Junior android разработчик,,35000.0,,RUR,Новосибирск,2018-10-01T07:06:42+0300
Senior/Lead android SDK developer,"Android
CI/CD
Gradle
TDD
Cordova",150000.0,,RUR,Санкт-Петербург,2018-11-25T14:56:57+0300
Разработчик веб и андроид приложений,"Android
Linux
Android SDK
Java",50000.0,70000.0,RUR,Новосибирск,2018-09-15T13:20:50+0300
Android developer / android разработчик,"Java
REST
RxJava
MVVM
MVP
Clean Architecture
kotlin
Android SDK
Android",90000.0,,RUR,Саратов,2018-11-12T12:37:13+0300
Разработчик мобильных приложений под android,"Android
Android SDK
Java",40000.0,60000.0,RUR,Самара,2018-07-09T17:32:08+0300
Стажер (android-разработка),,,,,Москва,2018-06-18T09:46:38+0300
Junior android developer,"Java
Android
ООП",,,,Москва,2018-05-22T15:09:56+0300
"QA инженер / специалист по ручному тестированию (iOS, android app)","Функциональное тестирование
Регресcионное тестирование
Тестирование
Java
Python
iOS
Android
API",110000.0,,RUR,Москва,2018-07-06T18:46:22+0300
Java-разработчик(hardware + android),,100000.0,140000.0,RUR,Москва,2018-08-01T18:48:54+0300
Разработчик android,,50000.0,,RUR,Тверь,2018-03-12T10:21:04+0300
Разработчик android,,50000.0,,RUR,Тверь,2018-04-12T10:33:00+0300
Junior android developer,,80000.0,100000.0,RUR,Москва,2018-05-23T17:50:59+0300
Senior android developer,,,,,Киев,2018-01-18T18:32:50+0300
Senior android Developer,"Android
Java",,,,Санкт-Петербург,2018-07-27T14:13:09+0300
Разработчик мобильных приложений (android),,60000.0,,RUR,Екатеринбург,2018-06-06T16:00:39+0300
Junior android developer,,200.0,,BYR,Гомель,2018-12-05T19:01:19+0300
Senior android-разработчик,"Android SDK
Java
RxJava
Kotlin
Git",200000.0,250000.0,RUR,Нижний Новгород,2018-11-12T10:05:52+0300
Senior android-разработчик,"Android SDK
Android
Git
Java
RxJava
RxAndroid",200000.0,250000.0,RUR,Москва,2018-03-14T16:23:08+0300
Дизайнер UI/UX (IOS/android),"UI
UX
Adobe Photoshop
Adobe Illustrator
Web-дизайн",80000.0,,RUR,Москва,2018-08-12T14:28:30+0300
Android developer / android разработчик,"Java
REST
RxJava
MVVM
MVP
Clean Architecture
kotlin
Android SDK
Android",90000.0,,RUR,Москва,2018-11-16T20:39:44+0300
Senior android developer,"Kotlin
Dagger 2
RXJava 2
Android
Android SDK",,250000.0,RUR,Москва,2019-06-03T10:16:16+0300
QA специалист / Тестировщик мобильной игры с парком ios/android,"Тестирование
Разработка компьютерных Игр",20000.0,40000.0,RUR,Санкт-Петербург,2019-01-16T12:56:38+0300
Junior/middle android разработчик,"Java
Android
kotlin",40000.0,70000.0,RUR,Екатеринбург,2019-09-13T12:49:20+0300
Middle+/senior android developer (Java),"Java
Android Studio
SQL
Git",170000.0,230000.0,RUR,Москва,2019-05-15T12:02:47+0300
Разработчик android,"ООП
Java
Linux
SQL",80000.0,130000.0,RUR,Ярославль,2019-07-17T18:32:39+0300
Middle android-разработчик,"Java
Системы контроля версий
client/server
Android",35000.0,40000.0,RUR,Барнаул,2019-01-29T19:05:12+0300
Code reviewer android specialist,,,,,Саратов,2019-09-06T11:47:18+0300
Разработчик ( андроид),,200000.0,,RUR,Москва,2019-06-21T15:50:09+0300
Инженер-программист (android java разработчик),,50000.0,,RUR,Уфа,2019-06-14T12:21:39+0300
Младший android разработчик,"Java
Android
Android SDK
Java SE
data binding
navigation
livedata",60000.0,100000.0,RUR,Москва,2019-10-16T15:41:33+0300
Android developer / android разработчик,"Java
REST
RxJava
MVVM
MVP
Clean Architecture
kotlin
Android SDK
Android",,,,Саратов,2019-03-25T16:17:07+0300
Разработчик приложений android ( Android Developer ),"Android
iOS
Java
Android SDK",150000.0,,RUR,Санкт-Петербург,2019-11-28T17:19:04+0300
Senior\middle android developer,,,,,Москва,2019-08-26T15:26:19+0300
Senior android developer,,,,,Нижний Новгород,2019-11-05T17:38:04+0300
Middle android developer,,60000.0,,RUR,Нижний Новгород,2019-08-30T09:57:39+0300
Senior android developer,,,,,Москва,2019-07-09T20:47:31+0300
Senior android developer,,,,,Санкт-Петербург,2019-02-07T18:31:13+0300
Junior android developer,,,,,Москва,2019-05-29T14:28:12+0300
Senior android developer,,,,,Москва,2019-02-27T14:03:54+0300
"Тестировщик мобильных приложений (ios, android)/ QA",,80000.0,100000.0,RUR,Москва,2019-07-09T09:58:40+0300
Программист андроид,"Java
Android
Java SE
JSON API
JSON",350000.0,,KZT,Нур-Султан,2019-10-04T12:49:50+0300
Senior/TL android разработчик,Android,,,,Санкт-Петербург,2019-05-07T11:47:22+0300
Code reviewer android specialist,,,,,Саратов,2019-12-18T08:31:29+0300
Senior android developer,,,,,Москва,2019-12-16T16:16:50+0300
Стажер android-разработчик,"Git
ООП
Java
Kotlin",,,,Саратов,2019-09-12T09:52:35+0300
Разработчик мобильных приложений android,,100000.0,,RUR,Тула,2019-02-27T15:42:06+0300
Middle android developer,"Java
Android",150000.0,180000.0,RUR,Москва,2019-06-03T23:14:22+0300
Middle android developer,"Java
Android",150000.0,180000.0,RUR,Москва,2019-06-03T23:16:50+0300
Ведущий android-разработчик,,100000.0,150000.0,RUR,Краснодар,2019-04-11T15:01:45+0300
Middle android developer,,,,,Москва,2019-07-15T18:17:09+0300
Разработчик android мобильных приложений,"Java
Python
Android
Git
Android SDK
C++
разработка мобильных прилжений
мобильная разработка
мобильные приложения",,250000.0,RUR,Вологда,2019-09-19T18:15:00+0300
Senior android developer,,,,,Санкт-Петербург,2019-12-06T17:37:38+0300
Ведущий android-разработчик,,100000.0,150000.0,RUR,Краснодар,2019-03-06T19:29:12+0300
Senior android developer,"Java
Kotlin",,,,Москва,2019-05-13T10:16:09+0300
Разработчик android (frontend),"Android
Git
ООП
Design Patterns",,,,Москва,2019-11-06T11:51:19+0300
Senior android developer RBO,,,,,Москва,2019-03-22T10:44:32+0300
"Разработчик мобильных приложений (android, ios)",,75000.0,,RUR,Тверь,2019-08-23T09:04:24+0300
Mid android developer,,,140000.0,RUR,Москва,2019-02-03T15:18:28+0300
Junior android разработчик,,,,,Москва,2019-02-03T15:25:14+0300
Middle android developer,"Kotlin
Android",,,,Москва,2019-03-22T12:14:28+0300
Senior android developer,,,,,Москва,2019-05-30T01:45:07+0300
Middle android developer,,,,,Москва,2019-10-25T00:14:21+0300
Middle android разработчик,"Git
Java
Java SE
Android SDK
Android",,,,Москва,2019-10-21T18:20:26+0300
Senior android developer,"Kotlin
Dagger 2
RXJava 2
Android
Android SDK",,250000.0,RUR,Москва,2019-04-01T10:21:26+0300
Android developer / android разработчик,"Java
REST
RxJava
MVVM
MVP
Clean Architecture
kotlin
Android SDK
Android",,,,Саратов,2019-01-21T11:30:28+0300
Team Lead android,"Android
мобильные приложения
Управление командой
Teamleading
JOGL
Kotlin
RxJava
Android SDK
Mercurial
Git
android support library
android architecture components
написание Unit-тестов
GitLab
GitLab CI",140000.0,170000.0,RUR,Новосибирск,2019-05-20T10:56:34+0300
Senior android developer,"Java
Kotlin",,,,Москва,2019-04-09T10:43:42+0300
Senior android developer,,,,,Москва,2019-01-21T15:55:41+0300
Middle/Senior android developer,"Android
Android SDK
Java
Kotlin",,,,Москва,2019-09-25T12:53:10+0300
Ведущий android разработчик,"Java
Android
Android SDK
ООП
Kotlin
google Play",,,,Москва,2019-09-02T13:38:16+0300
Senior android developer,,,,,Москва,2019-09-27T03:30:24+0300
Разработчик Senior android developer,"Android
Android SDK",150000.0,,RUR,Краснодар,2019-01-18T18:22:55+0300
Разработчик Middle android developer,"Android
Android SDK",120000.0,,RUR,Краснодар,2019-01-18T18:23:04+0300
Unity Developer (ios/android),"Unity
C#
Android
Android SDK
iOS
Git
Game Programming",70000.0,120000.0,RUR,Санкт-Петербург,2019-02-19T16:02:56+0300
Разработчик android,"Android SDK
Git
Linux
ООП
Java",110000.0,,RUR,Тверь,2019-10-15T11:55:03+0300
Senior/ Middle android разработчик (в команду Digital omni-channel),"Git
Java
Java SE
Android SDK
Android",,,,Москва,2019-11-11T16:41:21+0300
Middle android developer,"Java
Android
Android SDK
Git",1500.0,2500.0,USD,Москва,2019-08-03T22:03:18+0300
Ведущий android-разработчик,,100000.0,150000.0,RUR,Краснодар,2019-05-13T21:22:28+0300
Разработчик android,"Android SDK
Git
Linux
ООП
Java",110000.0,,RUR,Тверь,2019-11-14T12:45:25+0300
Senior android developer,,,,,Москва,2019-06-19T19:51:27+0300
Senior android developer,"Java
Kotlin",,,,Москва,2019-07-15T14:16:23+0300
Разработчик android,,80000.0,130000.0,RUR,Тверь,2019-09-03T13:10:40+0300
Senior android developer,,,,,Москва,2019-08-14T03:19:03+0300
Senior android-разработчик,"Android SDK
Android
Git
Java
RxJava
RxAndroid",,,,Москва,2019-02-05T10:34:09+0300
Junior android разработчик,,,,,Уфа,2019-07-30T12:43:17+0300
Middle+/senior android developer (Java),"Java
Android Studio
SQL
Git",170000.0,230000.0,RUR,Москва,2019-03-22T11:00:12+0300
Разработчик android,,80000.0,170000.0,RUR,Тверь,2019-06-19T10:42:41+0300
Senior android developer,"Kotlin
Dagger 2
RXJava 2
Android
Android SDK",,250000.0,RUR,Москва,2019-05-06T09:23:15+0300
Стажер (android-разработка),,,,,Москва,2019-06-17T11:47:09+0300
Senior android developer,"Java
Kotlin",,,,Москва,2019-06-13T11:27:10+0300
Senior android developer,,,,,Москва,2019-09-21T12:12:16+0300
Разработчик android приложения,"Java
Git
Linux
Android
C++
kotlin
ui-тестирование",,,,Москва,2020-04-10T15:21:26+0300
Senior android developer,"Android
Java
Android SDK
Kotlin
API
Git
ООП",,,,Москва,2020-04-14T10:36:31+0300
Kotlin android developer,"Kotlin
Retrofit 2
Rxjava 2
OKhttp
Moxy
Dagger 2",,,,Москва,2020-10-11T23:39:09+0300
"Системный аналитик (UGC видео проект - web, ios, android)",,,,,Москва,2020-10-12T10:23:13+0300
Senior android developer (Ozon Express/Supermarket),"Android
Kotlin
IT
мобильная разработка",,,,Москва,2020-10-13T13:16:26+0300
Разработчик android,"Android SDK
Git
Linux
ООП
Java",100000.0,170000.0,RUR,Тверь,2020-02-13T12:30:10+0300
Middle/ Senior android разработчик,"Android SDK
Android
ООП
Kotlin",,,,Казань,2020-07-08T19:16:33+0300
Senior android developer,"Android
Java
Android SDK
Kotlin
API
Git
ООП",,,,Москва,2020-03-02T11:07:35+0300
Ведущий разработчик мобильных приложений под android,,,,,Москва,2020-08-11T16:14:10+0300
Senior\middle android developer,,,,,Москва,2020-06-01T13:10:54+0300
Senior android developer RBO,,,,,Москва,2020-04-08T11:31:04+0300
Начальник отдела андроид-разработки,,,,,Москва,2020-02-25T13:46:55+0300
Разработчик (android),"Git
Java
Java SE
Apache Maven
Linux",,,,Москва,2020-05-06T18:53:41+0300
"Разработчик мобильных приложений (android, ios)",,75000.0,,RUR,Тверь,2020-09-29T14:26:11+0300
Ведущий разработчик мобильных приложений под android,,,,,Москва,2020-07-02T11:49:56+0300
Разработчик мобильных приложений (android java),,150000.0,400000.0,KZT,Нур-Султан,2020-09-17T11:05:26+0300
Senior android developer,"Android
Kotlin",,,,Нижний Новгород,2020-01-20T08:41:02+0300
C/C++ Developer (native android development),"C++
C/C++
Android
native",,,,Краснодар,2020-07-14T19:19:53+0300
Android developer / android разработчик,"Java
REST
RxJava
MVVM
MVP
Clean Architecture
kotlin
Android SDK
Android",,130000.0,RUR,Москва,2020-10-15T13:16:22+0300
Senior android-разработчик (проект PREMIER),"Android
iOS
JSON API
ООП
SVN",,,,Москва,2020-10-15T17:10:16+0300
Старший android разработчик,"Android SDK
Kotlin
Java",,,,Санкт-Петербург,2020-04-13T13:21:19+0300
Junior android developer,"Android
Java
Android SDK
SQLite
ООП
Kotlin",,,,Москва,2020-02-25T09:43:36+0300
Senior mobile developer (android),"Java
Android
Android SDK
Английский язык
Kotlin
AWS
OAuth
iOS
SWIFT",200000.0,,RUR,Москва,2020-08-26T11:08:47+0300
Senior mobile developer (android),"Java
Android
Android SDK
Английский язык
Kotlin
AWS
OAuth
iOS
SWIFT",200000.0,,RUR,Санкт-Петербург,2020-07-20T12:24:51+0300
Senior/ Middle android разработчик (в команду Digital omni-channel),"Git
Java
Java SE
Android SDK
Android",,,,Москва,2020-02-10T17:43:42+0300
"Системный аналитик (UGC видео проект - web, ios, android)",,,,,Казань,2020-10-12T16:43:06+0300
Senior/Middle android-разработчик,"Git
Atlassian Jira
Android
Работа в команде",,150000.0,RUR,Санкт-Петербург,2020-10-14T13:54:48+0300
Java android developer - middle и выше,"Java
Android
Android SDK
Английский язык
Java SE",400000.0,,KZT,Нур-Султан,2020-01-27T08:08:51+0300
Code reviewer android specialist,,,,,Саратов,2020-01-27T08:32:35+0300
Senior android developer,"Android SDK
Kotlin
Java
SQLite",,,,Санкт-Петербург,2020-05-06T14:45:39+0300
Senior android developer,"Android SDK
Kotlin
Java
MS Office",,,,Москва,2020-04-13T13:21:19+0300
Senior android developer,"Android
RxJava
Git
SQLite
Room",,,,Санкт-Петербург,2020-09-26T16:26:26+0300
MIddle/senior android-разработчик,"Android
Git
Java SE
Java
Android SDK",400000.0,,KZT,Алматы,2020-06-23T15:23:27+0300
Senior android developer,"Android
Java
Android SDK
Kotlin
API
Git
ООП",,,,Москва,2020-06-02T09:49:27+0300
Руководитель отдела мобильной разработки (android + IOS),"Git
iOS
Креативность
Грамотность",,,,Тула,2020-10-13T12:15:20+0300
Программист андроид/ Разработчик мобильных приложений/android developer,"Java
Android SDK
Kotlin",,,,Москва,2020-05-06T10:31:11+0300
Программист андроид/разработчик мобильных приложений/android developer,"Java
Android SDK
Kotlin
REST
JSON
XML",,,,Санкт-Петербург,2020-05-06T10:31:11+0300
Разработчик мобильных приложений android,"Java
SQL
Java SE
Android
Apache Maven",,,,Москва,2020-04-08T12:09:51+0300
Java android developer - middle и выше,"Java
Android
Android SDK
Английский язык
Java SE",350000.0,,KZT,Нур-Султан,2020-04-13T12:07:40+0300
Разработчик android,"Android SDK
Git
Linux
ООП
Java",100000.0,170000.0,RUR,Тверь,2020-05-13T13:08:48+0300
Разработчик мобильного приложения на базе iOS и android,Web приложение под ключ,60000.0,500000.0,KZT,Алматы,2020-09-16T08:51:24+0300
Android developer / android разработчик,"Java
REST
RxJava
MVVM
MVP
Clean Architecture
kotlin
Android SDK
Android",,130000.0,RUR,Москва,2020-10-11T14:01:37+0300
Специалист Full stack backend + приложения android/ios,"Node.js
Android
iOS
Java",150000.0,200000.0,RUR,Москва,2020-08-07T17:38:37+0300
Senior android developer,"Android SDK
Android
kotlin
Java
RxJava
S.O.L.I.D",,,,Москва,2020-10-01T16:58:22+0300
Junior android developer,"Android
Java
Android SDK
SQLite
ООП
Kotlin",,,,Москва,2020-04-14T17:15:50+0300
Нативный ios android разработчик JavaScript,"Android
iOS
JavaScript
GameDev
геймдев
Программирование
Game Programming",200000.0,,RUR,Санкт-Петербург,2020-03-25T20:04:49+0300
Lead android developer,"Java
Android
Android SDK
Java SE
Eclipse",,,,Москва,2020-04-21T18:08:34+0300
Младший разработчик android приложений,"Java
Android
SQL
ООП
kotlin",,,,Москва,2020-04-27T18:26:07+0300
Middle C/C++ Developer (native android development),"C++
C/C++
Android
native",,,,Киев,2020-06-17T19:14:44+0300
Senior/Middle android-разработчик,"Git
Atlassian Jira
Android
Работа в команде",,,,Санкт-Петербург,2020-10-14T16:48:30+0300
Senior android developer,"Android SDK
Kotlin
Java
MS Office",,,,Москва,2020-05-21T09:20:59+0300
"Системный аналитик (UGC видео проект - web, ios, android)",,,,,Санкт-Петербург,2020-10-07T16:08:54+0300
Старший android-разработчик,"Java
Android
Git
Android SDK
Java SE",160000.0,,RUR,Санкт-Петербург,2020-10-15T11:16:27+0300
"Ios, android разработчик","Android
iOS
Adobe Photoshop",300000.0,450000.0,KZT,Алматы,2020-07-14T07:56:22+0300
Senior android developer,"PostgreSQL
Java
Java SE
Управление проектами
Android",,,,Москва,2020-10-02T12:05:46+0300
"Senior mobile developer (android), remote","Java
Android
Android SDK
Английский язык
Kotlin
AWS
OAuth
iOS
SWIFT",200000.0,,RUR,Новосибирск,2020-07-30T11:38:18+0300
Senior android-разработчик,"Kotlin
Java
Android SDK
Gradle
SOLID",,,,Москва,2020-08-26T17:43:38+0300
Junior android developer,"Java
Android
Android SDK
Java SE
Java Servlets",8000.0,13000.0,UAH,Киев,2020-06-24T15:44:53+0300
Ведущий android разработчик (React Native),,150000.0,226000.0,RUR,Москва,2020-10-08T09:13:28+0300
Java android node.js разработчик,"Android
Android SDK",80000.0,120000.0,RUR,Москва,2020-07-07T10:07:28+0300
Senior android developer,"Android
Английский язык",2200.0,2700.0,USD,Новосибирск,2020-10-01T10:04:03+0300
Senior android developer (remote),"kotlin
Android
Английский язык",2000.0,3500.0,USD,Санкт-Петербург,2020-01-09T17:03:48+0300
"Специалист по языкам программирования,разработчик ios и android приложений","Android
Дистанционное обучение
Обучение
Групповое обучение
C++",20000.0,100000.0,RUR,Казань,2020-04-28T11:11:24+0300
Middle android developer,"Android SDK
Java SE
Java
Android
Design Patterns",,,,Екатеринбург,2020-09-22T11:23:49+0300
Middle android developer,"Android SDK
Java SE
Java
Android
Design Patterns",,,,Новосибирск,2020-09-22T11:23:49+0300
Tech lead android,"Java
Android SDK
Android
Kotlin
Работа в команде
Team Lead",,,,Санкт-Петербург,2020-09-22T11:35:06+0300
Разработчик приложений android ( Android Developer ),"Android SDK
Java
Java SE
Android
iOS",60000.0,120000.0,RUR,Санкт-Петербург,2020-06-08T14:09:39+0300
Kotlin android developer,"Kotlin
Retrofit 2
Rxjava 2
OKhttp
Moxy
Dagger 2",24000.0,80000.0,RUR,Москва,2020-08-31T03:38:43+0300
Senior android developer,"Android SDK
Английский язык
SQLite
Kotlin
RXjava",,,,Санкт-Петербург,2020-08-24T08:12:45+0300
Senior android developer,"Git
Java
Android
ООП
Android SDK",,,,Санкт-Петербург,2020-06-22T17:53:29+0300
Программист android,"Android SDK
Android
Работа в команде
MS Visual Studio",80000.0,135000.0,RUR,Москва,2020-06-22T22:00:22+0300
Junior android developer,"Android
Java
Android SDK
SQLite
ООП
Kotlin",,,,Москва,2020-04-17T10:07:54+0300
Senior android developer,,,,,Санкт-Петербург,2020-02-14T17:12:20+0300
Lead android developer,"Java
Android
Android SDK
Java SE
Eclipse",,,,Москва,2020-03-15T17:05:44+0300
Senior android-developer/Team Lead (цифровая команда - мессенджер),"Android
Android SDK
Kotlin
Java",,,,Москва,2021-01-23T23:17:24+0300
Senior android developer,"Android
Android SDK
Java
SQL",,,,Москва,2021-01-17T12:11:19+0300
Junior/middle android developer,"Android
Java
Git
Kotlin",,,,Новосибирск,2021-01-22T13:40:51+0300
Senior android разработчик (TechLead),"Kotlin
SQL
Android SDK
Java
Git",,,,Санкт-Петербург,2021-01-10T18:52:49+0300
Middle android developer,"Android
Android SDK
JavaScript
Ajax
C++
iOS
Java",150000.0,,RUR,Москва,2021-01-07T16:31:28+0300
Senior android-developer/Team Lead (Private banking),"SQL
Android
Android SDK
Обучение и развитие
Пользователь ПК
kotlin",,,,Москва,2021-01-25T19:17:17+0300
Руководитель группы мобильной разработки (android + IOS),"Git
iOS
Креативность
Грамотность
Android
HTTP
C/C++
SIP
SWIFT Alliance
REST",,,,Тула,2021-01-25T08:47:47+0300
Программист разработка iOS android мобильное приложение,"C#
MS Visual Studio
Visual Studio C#
JavaScript
ASP.NET
SignalR
Postgres",50000.0,300000.0,RUR,Нижнекамск,2021-01-15T12:14:35+0300
Старший android-разработчик,"Java
Android
Git
Android SDK
Java SE",,,,Санкт-Петербург,2021-01-19T12:37:50+0300
Разработчик React Native (iOS/android),"JavaScript
Разработка технических заданий
Android
iOS
Организационное проектирование
reactnative
Git
Atlassian Jira
React Native",70000.0,,RUR,Казань,2021-01-05T08:36:09+0300
Разработчик React Native (iOS/android),"JavaScript
Разработка технических заданий
Android
iOS
Организационное проектирование
reactnative
Git
Atlassian Jira
React Native",70000.0,,RUR,Иннополис,2021-01-05T08:36:09+0300
Разработчик React Native (iOS/android),"JavaScript
Разработка технических заданий
Android
iOS
Организационное проектирование
reactnative
Git
Atlassian Jira
React Native",70000.0,,RUR,Москва,2021-01-05T08:41:31+0300
Разработчик React Native (iOS/android),"JavaScript
Разработка технических заданий
Android
iOS
Организационное проектирование
reactnative
Git
Atlassian Jira
React Native",70000.0,,RUR,Новосибирск,2021-01-05T08:41:31+0300
Разработчик React Native (iOS/android),"JavaScript
Разработка технических заданий
Android
iOS
Организационное проектирование
reactnative
Git
Atlassian Jira
React Native",70000.0,,RUR,Волгоград,2021-01-05T08:41:31+0300
Разработчик React Native (iOS/android),"JavaScript
Разработка технических заданий
Android
iOS
Организационное проектирование
reactnative
Git
Atlassian Jira
React Native",70000.0,,RUR,Киров (Кировская область),2021-01-05T08:41:31+0300
Разработчик React Native (iOS/android),"JavaScript
Разработка технических заданий
Android
iOS
Организационное проектирование
reactnative
Git
Atlassian Jira
React Native",70000.0,,RUR,Йошкар-Ола,2021-01-05T08:41:31+0300
Разработчик React Native (iOS/android),"JavaScript
Разработка технических заданий
Android
iOS
Организационное проектирование
reactnative
Git
Atlassian Jira
React Native",70000.0,,RUR,Саранск,2021-01-05T08:41:31+0300
Разработчик React Native (iOS/android),"JavaScript
Разработка технических заданий
Android
iOS
Организационное проектирование
reactnative
Git
Atlassian Jira
React Native",70000.0,,RUR,Нижний Новгород,2021-01-05T08:41:31+0300
Разработчик React Native (iOS/android),"JavaScript
Разработка технических заданий
Android
iOS
Организационное проектирование
reactnative
Git
Atlassian Jira
React Native",70000.0,,RUR,Пенза,2021-01-05T08:41:31+0300
Разработчик React Native (iOS/android),"JavaScript
Разработка технических заданий
Android
iOS
Организационное проектирование
reactnative
Git
Atlassian Jira
React Native",70000.0,,RUR,Самара,2021-01-05T08:41:31+0300
Разработчик React Native (iOS/android),"JavaScript
Разработка технических заданий
Android
iOS
Организационное проектирование
reactnative
Git
Atlassian Jira
React Native",70000.0,,RUR,Саратов,2021-01-05T08:41:31+0300
Разработчик React Native (iOS/android),"JavaScript
Разработка технических заданий
Android
iOS
Организационное проектирование
reactnative
Git
Atlassian Jira
React Native",70000.0,,RUR,Ижевск,2021-01-05T08:41:31+0300
Разработчик React Native (iOS/android),"JavaScript
Разработка технических заданий
Android
iOS
Организационное проектирование
reactnative
Git
Atlassian Jira
React Native",70000.0,,RUR,Ульяновск,2021-01-05T08:41:31+0300
Разработчик React Native (iOS/android),"JavaScript
Разработка технических заданий
Android
iOS
Организационное проектирование
reactnative
Git
Atlassian Jira
React Native",70000.0,,RUR,Чебоксары,2021-01-05T08:41:31+0300
Java / Kotlin (android) разработчик,"Git
Android SDK
Java
Python
Android",20000.0,25000.0,RUR,Москва,2021-01-05T17:38:41+0300
Middle android developer,"Android SDK
Android
Design Patterns
Kotlin
SQL
Git",,,,Новосибирск,2021-01-11T07:07:03+0300
Middle android developer,"Android SDK
Android
Design Patterns
Kotlin
SQL
Git",,,,Екатеринбург,2021-01-11T07:07:03+0300
Разработчик android,"Java
Kotlin",,,,Москва,2021-01-25T18:58:28+0300
Senior android developer,"PostgreSQL
Java
Java SE
Управление проектами
Android",,,,Москва,2021-01-12T09:37:50+0300
Android developer / android разработчик,"Java
REST
RxJava
MVVM
MVP
Clean Architecture
kotlin
Android SDK
Android",100000.0,,RUR,Москва,2021-01-28T10:49:19+0300
Lead Unity Developer на RPG игру онлайн/android игру,"C#
Unity
game development",,,,Москва,2021-01-19T15:16:14+0300
Разработчик приложений на android,"Java
Android
Android SDK
Java SE
Java Servlets
kotlin",,,,Саратов,2021-01-22T15:07:52+0300
Middle android developer,"Android SDK
Android
Design Patterns
Kotlin
SQL
Git",,,,Москва,2021-01-26T10:06:23+0300
Junior android developer,,300.0,,BYR,Гомель,2021-01-26T20:21:41+0300
Руководитель группы мобильной разработки (android + IOS),"Git
iOS
Креативность
Грамотность
Android
HTTP
C/C++
SIP
SWIFT Alliance
REST",,,,Тула,2021-03-11T10:32:02+0300
Разработчик мобильного приложения (android),"Java
Android SDK
Linux
Android
Java SE",150000.0,200000.0,RUR,Москва,2021-03-06T14:49:55+0300
Senior android разработчик,kotlin,,,,Москва,2021-05-29T16:00:16+0300
Android developer / android разработчик,"Java
REST
RxJava
MVVM
MVP
Clean Architecture
kotlin
Android SDK
Android",100000.0,,RUR,Москва,2021-04-15T10:36:06+0300
Middle android-разработчик,"Java
Android
Git
Android SDK
Java SE",120000.0,,RUR,Санкт-Петербург,2021-05-11T18:03:35+0300
Team Lead android developer (Picverse),"Android
Git
ООП
C++
OpenGL
SOLID
Kotlin
Unit-тестирование",,,,Новосибирск,2021-07-05T06:47:44+0300
Junior android-разработчик,"Java
Android SDK
Git
ООП
SQLite
SQL",,,,Санкт-Петербург,2021-05-18T15:56:13+0300
Senior android-developer/Team Lead (цифровая команда - мессенджер),"Android
Android SDK
Kotlin
Java",270000.0,,RUR,Москва,2021-05-12T19:00:08+0300
Senior android-developer/Team Lead (цифровая команда - мессенджер),"Android
Android SDK
Kotlin
Java",270000.0,,RUR,Москва,2021-06-21T09:01:39+0300
Разработчик android (Kotlin),"Java
JavaScript
Kotlin
Flutter
Dart
Git
Objective-C
Unit Testing",40000.0,,RUR,Вологда,2021-06-24T12:16:41+0300
Middle android-разработчик (удаленная работа),,180000.0,,RUR,Москва,2021-08-03T19:05:55+0300
Разработчик Unity (android/ios),"Android
C#
iOS
Unity",100000.0,200000.0,RUR,Москва,2021-07-03T14:11:53+0300
Middle android-разработчик (удаленная работа),,180000.0,,RUR,Минск,2021-07-05T15:06:51+0300
Middle android-разработчик (удаленная работа),,180000.0,,RUR,Алматы,2021-07-05T15:06:51+0300
Middle android-разработчик (удаленная работа),,180000.0,,RUR,Казань,2021-07-05T15:06:52+0300
Middle android-разработчик (удаленная работа),,180000.0,,RUR,Екатеринбург,2021-07-05T15:06:52+0300
Middle android-разработчик (удаленная работа),,180000.0,,RUR,Уфа,2021-07-05T15:06:52+0300
Middle android-разработчик,,180000.0,,RUR,Санкт-Петербург,2021-07-26T21:34:41+0300
Senior android-developer/Team Lead (цифровая команда - мессенджер),"Android
Android SDK
Kotlin
Java",270000.0,,RUR,Москва,2021-07-25T23:02:05+0300
App Project Manager (ios/android),"Atlassian Jira
Atlassian Confluence
Git
Android
iOS
Firebase",150000.0,,RUR,Москва,2021-08-16T11:37:34+0300
Unity developer (android),"Git
Unity
C#
Unity3D
SOLID
VR
AR
AssetBundles
Android
разработка приложений под android",110000.0,130000.0,RUR,Санкт-Петербург,2021-10-06T17:05:12+0300
"Head of mobile development / Руководитель мобильной разработки (ios, android)","iOS
Android",,,,Москва,2021-08-30T13:28:17+0300
Senior android-developer/Team Lead (цифровая команда - мессенджер),"Kotlin
Android SDK
Android",,,,Москва,2021-09-08T17:20:43+0300
Kotlin android разработчик junior (intern),,,,,Москва,2021-09-14T03:43:03+0300
Ведущий iOS/android разработчик/team lead,"MacOS
Проектная деятельность
Работа в условиях многозадачности
Проектная работа
Умение работать в условиях многозадачности
iOS
Android",150000.0,300000.0,RUR,Санкт-Петербург,2021-09-21T16:03:51+0300
Middle android разработчик (малый бизнес),"Java
Android SDK
Android
Kotlin
Android Studio",,,,Москва,2021-09-30T11:18:41+0300
Dart/Flutter Developer(Cеньор флаттер/тех лид андроид разработчик,,120.0,170.0,RUR,Санкт-Петербург,2021-10-04T14:01:02+0300
Android developer / android разработчик,"Java
REST
RxJava
MVVM
MVP
Clean Architecture
kotlin
Android SDK
Android",120000.0,,RUR,Москва,2021-10-13T09:55:36+0300
Senior android разработчик. Цифровые поверхности Салют (SberDevices),"Android
Java
Android SDK
Kotlin",,,,Москва,2021-11-22T12:57:25+0300
Kotlin android developer,"Kotlin
Java
ООП
Android SDK
Управление проектами",,,,Томск,2022-03-03T08:37:32+0300
Middle android developer (удаленно),"Kotlin
Java
Android SDK
Android
MVP",95000.0,,RUR,Нижний Новгород,2022-01-13T18:12:44+0300
Ведущий разработчик android,"Kotlin
Java
Agile Project Management
Gradle
Android",,,,Москва,2022-02-24T09:33:44+0300
С++ Software Engineer (android framework/runtime optimization),"C++
Linux
Java
Android",,,,Москва,2022-04-04T11:22:36+0300
Разработчик android (Kotlin),"Android
Kotlin
ReactiveX
Coroutines
AndroidX
Material Desing
Retrofit
Mockito",,,,Москва,2022-06-26T23:23:45+0300
С++ Software Engineer (android framework/runtime optimization),"C++
Linux
Java
Android",,,,Москва,2022-04-04T11:22:36+0300
Разработчик android (Kotlin),"Android
Kotlin
ReactiveX
Coroutines
AndroidX
Material Desing
Retrofit
Mockito",,,,Москва,2022-06-26T23:23:45+0300